{
  "properties": {
    "connectionReferences": {},
    "definition": {
      "$schema": "https://schema.management.azure.com/providers/Microsoft.Logic/schemas/2016-06-01/workflowdefinition.json#",
      "contentVersion": "1.0.0.0",
      "parameters": {
        "$authentication": {
          "defaultValue": {},
          "type": "SecureObject"
        }
      },
      "triggers": {
        "manual": {
          "metadata": {
            "operationMetadataId": "d991044a-09fa-4731-ac97-5f23d4264c61"
          },
          "type": "Request",
          "kind": "Http",
          "inputs": {
            "triggerAuthenticationType": "All"
          }
        }
      },
      "actions": {
        "Response": {
          "runAfter": {},
          "metadata": {
            "operationMetadataId": "81616ab9-d6cc-41d6-b91f-42cc3621d616"
          },
          "type": "Response",
          "kind": "Http",
          "inputs": {
            "statusCode": 200,
            "headers": {
              "Content-Type": "application/json"
            },
            "body": {
              "MedicineWarning": "Your custom message here"
            }
          }
        }
      }
    },
    "templateName": ""
  },
  "schemaVersion": "1.0.0.0"
}