{
  "properties": {
    "connectionReferences": {
      "shared_commondataserviceforapps": {
        "runtimeSource": "embedded",
        "connection": {
          "connectionReferenceLogicalName": "raa_sharedcommondataserviceforapps_180d2"
        },
        "api": {
          "name": "shared_commondataserviceforapps"
        }
      }
    },
    "definition": {
      "$schema": "https://schema.management.azure.com/providers/Microsoft.Logic/schemas/2016-06-01/workflowdefinition.json#",
      "contentVersion": "1.0.0.0",
      "parameters": {
        "$connections": {
          "defaultValue": {},
          "type": "Object"
        },
        "$authentication": {
          "defaultValue": {},
          "type": "SecureObject"
        }
      },
      "triggers": {
        "manual": {
          "metadata": {
            "operationMetadataId": "ef78d07b-4985-4f85-b893-fa4e1287c9fd"
          },
          "type": "Request",
          "kind": "Http",
          "inputs": {
            "triggerAuthenticationType": "All"
          }
        }
      },
      "actions": {
        "Extract_information_from_documents": {
          "runAfter": {
            "Compose": [
              "Succeeded"
            ]
          },
          "metadata": {
            "operationMetadataId": "641e5926-6aa2-45fd-a541-05e6e66a216c",
            "flowSystemMetadata": {
              "portalOperationId": "aibuilderpredict_formsprocessing",
              "portalOperationGroup": "aibuilder",
              "portalOperationApiDisplayNameOverride": "AI Builder",
              "portalOperationIconOverride": "https://content.powerapps.com/resource/makerx/static/pauto/images/designeroperations/aiBuilderNew.51dbdb6b.png",
              "portalOperationBrandColorOverride": "#0A76C4",
              "portalOperationApiTierOverride": "Standard"
            }
          },
          "type": "OpenApiConnection",
          "inputs": {
            "host": {
              "connectionName": "shared_commondataserviceforapps",
              "operationId": "aibuilderpredict_formsprocessing",
              "apiId": "/providers/Microsoft.PowerApps/apis/shared_commondataserviceforapps"
            },
            "parameters": {
              "recordId": "188f79a2-84fa-4960-a157-315de6e553cd",
              "item/requestv2/mimeType": "image/png",
              "item/requestv2/base64Encoded": "@outputs('Compose')"
            },
            "authentication": "@parameters('$authentication')"
          }
        },
        "Initialize_variable_to_hold_extracted_information": {
          "runAfter": {
            "Extract_information_from_documents": [
              "Succeeded"
            ]
          },
          "metadata": {
            "operationMetadataId": "1d4d32ec-cb9e-4acf-bea3-0cf3b36a98d9"
          },
          "type": "InitializeVariable",
          "inputs": {
            "variables": [
              {
                "name": "varExtractedPrescription",
                "type": "array"
              }
            ]
          }
        },
        "Compose_-_Filtered_Prescription_Data": {
          "runAfter": {
            "Apply_to_each_-_Loop_through_document_contents": [
              "Succeeded"
            ]
          },
          "metadata": {
            "operationMetadataId": "8c58a777-bfe3-4379-91f5-ab0d64e930ab"
          },
          "type": "Compose",
          "inputs": "@variables('varExtractedPrescription')"
        },
        "Select_-_Cleansed_prescription_JSON": {
          "runAfter": {
            "Compose_-_Filtered_Prescription_Data": [
              "Succeeded"
            ]
          },
          "metadata": {
            "operationMetadataId": "a33dc10f-a06a-45f5-862b-d41d9d7078d6"
          },
          "type": "Select",
          "inputs": {
            "from": "@outputs('Compose_-_Filtered_Prescription_Data')",
            "select": {
              "ProductName": "@item()?['MedicineName']",
              "MedicationDuration": "@item()?['Duration']",
              "Quantity": "@mul(mul(item()?['Dosage'],item()?['DailyIntake']),int(item()?['Duration']))",
              "TotalPrice": ""
            }
          }
        },
        "Compose_-_Final_Prescription_JSON": {
          "runAfter": {
            "Select_-_Cleansed_prescription_JSON": [
              "Succeeded"
            ]
          },
          "metadata": {
            "operationMetadataId": "62aaeb20-bf92-46e6-9f1b-353f01397842"
          },
          "type": "Compose",
          "inputs": "@body('Select_-_Cleansed_prescription_JSON')"
        },
        "Apply_to_each_-_Loop_through_document_contents": {
          "foreach": "@outputs('Extract_information_from_documents')?['body/responsev2/predictionOutput/tables/Prescripec5bcc5f422d470b804aa090b5055600/entries']",
          "actions": {
            "Select": {
              "runAfter": {},
              "metadata": {
                "operationMetadataId": "a672df72-680b-42d4-b9a4-6dc0c973a887"
              },
              "type": "Select",
              "inputs": {
                "from": [
                  "@outputs('Extract_information_from_documents')?['body/responsev2/predictionOutput/tables/Prescripec5bcc5f422d470b804aa090b5055600']"
                ],
                "select": {
                  "MedicineName": "@items('Apply_to_each_-_Loop_through_document_contents')?['MedicineName/value']",
                  "Dosage": "@items('Apply_to_each_-_Loop_through_document_contents')?['Dosage/value']",
                  "DailyIntake": "@items('Apply_to_each_-_Loop_through_document_contents')?['DailyIntake/value']",
                  "Duration": "@items('Apply_to_each_-_Loop_through_document_contents')?['Duration/value']"
                }
              }
            },
            "Append_to_array_variable": {
              "runAfter": {
                "Select": [
                  "Succeeded"
                ]
              },
              "metadata": {
                "operationMetadataId": "43d8526b-0461-48d2-b506-ee8b93b76505"
              },
              "type": "AppendToArrayVariable",
              "inputs": {
                "name": "varExtractedPrescription",
                "value": "@body('Select')[0]"
              }
            }
          },
          "runAfter": {
            "Initialize_variable_to_hold_extracted_information": [
              "Succeeded"
            ]
          },
          "metadata": {
            "operationMetadataId": "bb598cb5-b9b7-4553-ad7a-a9ed9708c09d"
          },
          "type": "Foreach"
        },
        "Parse_JSON": {
          "runAfter": {
            "Compose_-_Final_Prescription_JSON": [
              "Succeeded"
            ]
          },
          "metadata": {
            "operationMetadataId": "2445ebde-46f0-4c3b-830d-5308c508a4a6"
          },
          "type": "ParseJson",
          "inputs": {
            "content": "@outputs('Compose_-_Final_Prescription_JSON')",
            "schema": {
              "type": "array",
              "items": {
                "type": "object",
                "properties": {
                  "ProductName": {
                    "type": "string"
                  },
                  "MedicationDuration": {
                    "type": "integer"
                  },
                  "Quantity": {
                    "type": "integer"
                  },
                  "TotalPrice": {
                    "type": "string"
                  }
                },
                "required": [
                  "ProductName",
                  "MedicationDuration",
                  "Quantity",
                  "TotalPrice"
                ]
              }
            }
          }
        },
        "Apply_to_each": {
          "foreach": "@body('Parse_JSON')",
          "actions": {
            "Compose_-_Current_Product_Name": {
              "runAfter": {},
              "metadata": {
                "operationMetadataId": "b5de9be9-51e4-4c5f-b4bc-9157ac96213c"
              },
              "type": "Compose",
              "inputs": "@items('Apply_to_each')['ProductName']"
            },
            "List_rows_-_Get_Product_Details": {
              "runAfter": {
                "Compose_-_Current_Product_Name": [
                  "Succeeded"
                ]
              },
              "metadata": {
                "operationMetadataId": "020c5102-e40b-4b87-8c07-6c5c5cbe5eb5"
              },
              "type": "OpenApiConnection",
              "inputs": {
                "host": {
                  "connectionName": "shared_commondataserviceforapps",
                  "operationId": "ListRecords",
                  "apiId": "/providers/Microsoft.PowerApps/apis/shared_commondataserviceforapps"
                },
                "parameters": {
                  "entityName": "gh_gh_productdetails",
                  "$filter": "gh_productname eq '@{outputs('Compose_-_Current_Product_Name')}'"
                },
                "authentication": "@parameters('$authentication')"
              }
            },
            "Compose_-_Get_Product_Unit_Price": {
              "runAfter": {
                "List_rows_-_Get_Product_Details": [
                  "Succeeded"
                ]
              },
              "metadata": {
                "operationMetadataId": "bde975d1-6745-4310-a144-58ef7dbf2545"
              },
              "type": "Compose",
              "inputs": "@first(outputs('List_rows_-_Get_Product_Details')?['body/value'])?['gh_unitprice']"
            },
            "Select_-_Create_the_updated_object_with_total_medicine_price": {
              "runAfter": {
                "Compose_-_Get_Product_Unit_Price": [
                  "Succeeded"
                ]
              },
              "metadata": {
                "operationMetadataId": "a641ddaa-ec55-46b7-9450-6f17dcdf3e1d"
              },
              "type": "Select",
              "inputs": {
                "from": [
                  {
                    "Key": ""
                  }
                ],
                "select": {
                  "ProductName": "@items('Apply_to_each')['ProductName']",
                  "MedicationDuration": "@items('Apply_to_each')['MedicationDuration']",
                  "Quantity": "@items('Apply_to_each')['Quantity']",
                  "TotalPrice": "@mul(items('Apply_to_each')['Quantity'],outputs('Compose_-_Get_Product_Unit_Price'))"
                }
              }
            },
            "Append_to_formatted_array_variable_": {
              "runAfter": {
                "Select_-_Create_the_updated_object_with_total_medicine_price": [
                  "Succeeded"
                ]
              },
              "metadata": {
                "operationMetadataId": "767fb43c-6eab-4759-bc9d-f9633b55d6e5"
              },
              "type": "AppendToArrayVariable",
              "inputs": {
                "name": "varFormattedTotalPriceArray",
                "value": "@body('Select_-_Create_the_updated_object_with_total_medicine_price')[0]"
              }
            }
          },
          "runAfter": {
            "Initialize_variable_-_To_hold_final_array_with_all_the_details": [
              "Succeeded"
            ]
          },
          "metadata": {
            "operationMetadataId": "4ab8fcfa-d593-4354-ace9-42756b730722"
          },
          "type": "Foreach"
        },
        "Initialize_variable_-_To_hold_final_array_with_all_the_details": {
          "runAfter": {
            "Parse_JSON": [
              "Succeeded"
            ]
          },
          "metadata": {
            "operationMetadataId": "cf581c00-5829-4b16-b4a6-2fefcf752c16"
          },
          "type": "InitializeVariable",
          "inputs": {
            "variables": [
              {
                "name": "varFormattedTotalPriceArray",
                "type": "array"
              }
            ]
          }
        },
        "Compose_-_Extracted_data_+_Total_Price_Unioned": {
          "runAfter": {
            "Apply_to_each": [
              "Succeeded"
            ]
          },
          "metadata": {
            "operationMetadataId": "d671c7e7-9e0b-46fa-9105-8ba886f0bfb1"
          },
          "type": "Compose",
          "inputs": "@variables('varFormattedTotalPriceArray')"
        },
        "Parse_JSON_to_Get_Base_64_Content": {
          "runAfter": {},
          "metadata": {
            "operationMetadataId": "3c7c6119-30ce-43ff-acda-d2e1af889490"
          },
          "type": "ParseJson",
          "inputs": {
            "content": "@triggerBody()",
            "schema": {
              "type": "object",
              "properties": {
                "Base64Image": {
                  "type": "string"
                }
              }
            }
          }
        },
        "Compose": {
          "runAfter": {
            "Parse_JSON_to_Get_Base_64_Content": [
              "Succeeded"
            ]
          },
          "metadata": {
            "operationMetadataId": "c73d9f29-bee4-45c4-ad28-b97284da0176"
          },
          "type": "Compose",
          "inputs": {
            "$content-type": "image/png",
            "$content": "@{body('Parse_JSON_to_Get_Base_64_Content')?['Base64Image']}"
          }
        },
        "Response": {
          "runAfter": {
            "Compose_-_Extracted_data_+_Total_Price_Unioned": [
              "Succeeded"
            ]
          },
          "metadata": {
            "operationMetadataId": "04a2bac0-efcd-420f-8706-49c67de9db61"
          },
          "type": "Response",
          "kind": "Http",
          "inputs": {
            "statusCode": 200,
            "headers": {
              "Content-Type": "application/json"
            },
            "body": "@outputs('Compose_-_Extracted_data_+_Total_Price_Unioned')"
          }
        }
      }
    },
    "templateName": ""
  },
  "schemaVersion": "1.0.0.0"
}