{
  "properties": {
    "connectionReferences": {
      "shared_commondataserviceforapps": {
        "runtimeSource": "embedded",
        "connection": {
          "connectionReferenceLogicalName": "raa_sharedcommondataserviceforapps_180d2"
        },
        "api": {
          "name": "shared_commondataserviceforapps"
        }
      },
      "shared_office365": {
        "runtimeSource": "embedded",
        "connection": {
          "connectionReferenceLogicalName": "raa_sharedoffice365_2cbc7"
        },
        "api": {
          "name": "shared_office365"
        }
      }
    },
    "definition": {
      "$schema": "https://schema.management.azure.com/providers/Microsoft.Logic/schemas/2016-06-01/workflowdefinition.json#",
      "contentVersion": "1.0.0.0",
      "parameters": {
        "$connections": {
          "defaultValue": {},
          "type": "Object"
        },
        "$authentication": {
          "defaultValue": {},
          "type": "SecureObject"
        }
      },
      "triggers": {
        "manual": {
          "metadata": {
            "operationMetadataId": "981ba6e1-90ec-46d3-ac7d-00ca591f5154"
          },
          "type": "Request",
          "kind": "Http",
          "inputs": {
            "schema": {
              "type": "object",
              "properties": {
                "ReceiptNumber": {
                  "type": "string"
                },
                "CustomerFeedback": {
                  "type": "string"
                }
              }
            },
            "triggerAuthenticationType": "All"
          }
        }
      },
      "actions": {
        "Compose_received_input": {
          "runAfter": {},
          "metadata": {
            "operationMetadataId": "c8cb4840-34d3-4cb4-8cc0-485699c3576b"
          },
          "type": "Compose",
          "inputs": [
            "@triggerBody()"
          ]
        },
        "Analyze_positive_or_negative_sentiment_in_text": {
          "runAfter": {
            "Compose_received_input": [
              "Succeeded"
            ]
          },
          "metadata": {
            "operationMetadataId": "3735cfa6-d523-400c-b191-845ac2f3ecd5",
            "flowSystemMetadata": {
              "portalOperationId": "aibuilderpredict_sentimentanalysis",
              "portalOperationGroup": "aibuilder",
              "portalOperationApiDisplayNameOverride": "AI Builder",
              "portalOperationIconOverride": "https://content.powerapps.com/resource/makerx/static/pauto/images/designeroperations/aiBuilderNew.51dbdb6b.png",
              "portalOperationBrandColorOverride": "#0A76C4",
              "portalOperationApiTierOverride": "Standard"
            }
          },
          "type": "OpenApiConnection",
          "inputs": {
            "host": {
              "connectionName": "shared_commondataserviceforapps",
              "operationId": "aibuilderpredict_sentimentanalysis",
              "apiId": "/providers/Microsoft.PowerApps/apis/shared_commondataserviceforapps"
            },
            "parameters": {
              "item/requestv2/language": "en",
              "item/requestv2/text": "@outputs('Compose_received_input')[0]?['CustomerFeedback']"
            },
            "authentication": "@parameters('$authentication')"
          }
        },
        "Add_a_new_row": {
          "runAfter": {
            "Condition": [
              "Succeeded"
            ]
          },
          "metadata": {
            "operationMetadataId": "7f4f6176-4808-4f44-b0ce-8ea31b499cbc"
          },
          "type": "OpenApiConnection",
          "inputs": {
            "host": {
              "connectionName": "shared_commondataserviceforapps",
              "operationId": "CreateRecord",
              "apiId": "/providers/Microsoft.PowerApps/apis/shared_commondataserviceforapps"
            },
            "parameters": {
              "entityName": "gh_customerfeedbacks",
              "item/gh_customerfeedback": "@triggerBody()?['CustomerFeedback']",
              "item/gh_customerfeedbacksentiment": "@outputs('Analyze_positive_or_negative_sentiment_in_text')?['body/responsev2/predictionOutput/result/sentiment']",
              "item/gh_feedbackid": "@triggerBody()?['ReceiptNumber']"
            },
            "authentication": "@parameters('$authentication')"
          }
        },
        "Condition": {
          "actions": {
            "Send_an_email_(V2)": {
              "runAfter": {},
              "metadata": {
                "operationMetadataId": "057574ad-c515-4ed8-9067-fe525ffe32cc"
              },
              "type": "OpenApiConnection",
              "inputs": {
                "host": {
                  "connectionName": "shared_office365",
                  "operationId": "SendEmailV2",
                  "apiId": "/providers/Microsoft.PowerApps/apis/shared_office365"
                },
                "parameters": {
                  "emailMessage/To": "Hack@office365journey.onmicrosoft.com",
                  "emailMessage/Subject": "Escalation raised by customer",
                  "emailMessage/Body": "<p>Hi,<br>\n<br>\nA potential escalation feedback from the customer has been received.<br>\n<br>\nFeedback Details :<br>\n<br>\nReceipt Number : @{triggerBody()?['ReceiptNumber']}<br>\nCustomer Feedback : @{triggerBody()?['CustomerFeedback']}<br>\n<br>\nRegards,<br>\nApothecary.AI</p>",
                  "emailMessage/Importance": "Normal"
                },
                "authentication": "@parameters('$authentication')"
              }
            }
          },
          "runAfter": {
            "Analyze_positive_or_negative_sentiment_in_text": [
              "Succeeded"
            ]
          },
          "expression": {
            "equals": [
              "@outputs('Analyze_positive_or_negative_sentiment_in_text')?['body/responsev2/predictionOutput/result/sentiment']",
              "negative"
            ]
          },
          "metadata": {
            "operationMetadataId": "9d023d01-a012-41a1-ab85-aa38ab0dc802"
          },
          "type": "If"
        }
      }
    },
    "templateName": ""
  },
  "schemaVersion": "1.0.0.0"
}