{
  "properties": {
    "connectionReferences": {
      "shared_commondataserviceforapps": {
        "runtimeSource": "embedded",
        "connection": {
          "connectionReferenceLogicalName": "raa_sharedcommondataserviceforapps_180d2"
        },
        "api": {
          "name": "shared_commondataserviceforapps"
        }
      },
      "shared_approvals": {
        "runtimeSource": "embedded",
        "connection": {
          "connectionReferenceLogicalName": "new_sharedapprovals_2d7f3"
        },
        "api": {
          "name": "shared_approvals"
        }
      }
    },
    "definition": {
      "$schema": "https://schema.management.azure.com/providers/Microsoft.Logic/schemas/2016-06-01/workflowdefinition.json#",
      "contentVersion": "1.0.0.0",
      "parameters": {
        "$connections": {
          "defaultValue": {},
          "type": "Object"
        },
        "$authentication": {
          "defaultValue": {},
          "type": "SecureObject"
        }
      },
      "staticResults": {
        "Start_and_wait_for_an_approval_of_text0": {
          "status": "Succeeded",
          "outputs": {
            "statusCode": "OK",
            "headers": {}
          }
        }
      },
      "triggers": {
        "manual": {
          "metadata": {
            "operationMetadataId": "3c5f5fcf-e934-4ba7-be35-7829717b8ad8"
          },
          "type": "Request",
          "kind": "Http",
          "inputs": {
            "triggerAuthenticationType": "All"
          }
        }
      },
      "actions": {
        "Condition_-_Check_whether_to_check_for_GDPR_or_Implement_Right_to_Forget": {
          "actions": {
            "Select_-_Subset_of_Customer_Information": {
              "runAfter": {},
              "metadata": {
                "operationMetadataId": "fbbf804d-49a5-44bd-a40d-e155cda14060"
              },
              "type": "Select",
              "inputs": {
                "from": "@outputs('List_rows_-_Get_Customer_Details')?['body/value']",
                "select": {
                  "Customer Additional Details": "@item()?['gh_additionaldetails']",
                  "Customer Medical Details": "@item()?['gh_preexistingconditions']"
                }
              }
            },
            "Compose_-_Customer_Health_Details": {
              "runAfter": {
                "Select_-_Subset_of_Customer_Information": [
                  "Succeeded"
                ]
              },
              "metadata": {
                "operationMetadataId": "ebb9649a-1d0c-442b-9e3f-d72c88e3aa2f"
              },
              "type": "Compose",
              "inputs": "@body('Select_-_Subset_of_Customer_Information')"
            },
            "Extract_entities_from_text_with_the_standard_model": {
              "runAfter": {
                "Compose_-_Customer_Health_Details": [
                  "Succeeded"
                ]
              },
              "metadata": {
                "operationMetadataId": "f4890b5a-2140-4c69-8768-7f607cf4f6b8",
                "flowSystemMetadata": {
                  "portalOperationId": "aibuilderpredict_entityextraction",
                  "portalOperationGroup": "aibuilder",
                  "portalOperationApiDisplayNameOverride": "AI Builder",
                  "portalOperationIconOverride": "https://content.powerapps.com/resource/makerx/static/pauto/images/designeroperations/aiBuilderNew.51dbdb6b.png",
                  "portalOperationBrandColorOverride": "#0A76C4",
                  "portalOperationApiTierOverride": "Standard"
                }
              },
              "type": "OpenApiConnection",
              "inputs": {
                "host": {
                  "connectionName": "shared_commondataserviceforapps",
                  "operationId": "aibuilderpredict_entityextraction",
                  "apiId": "/providers/Microsoft.PowerApps/apis/shared_commondataserviceforapps"
                },
                "parameters": {
                  "item/requestv2/language": "en",
                  "item/requestv2/text": "@outputs('Compose_-_Customer_Health_Details')"
                },
                "authentication": "@parameters('$authentication')"
              }
            },
            "Create_text_with_GPT": {
              "runAfter": {
                "Extract_entities_from_text_with_the_standard_model": [
                  "Succeeded"
                ]
              },
              "metadata": {
                "operationMetadataId": "3120e663-704e-47b2-bce6-a86f29a3bac0",
                "flowSystemMetadata": {
                  "portalOperationId": "aibuilderpredict_gptpromptengineering",
                  "portalOperationGroup": "aibuilder",
                  "portalOperationApiDisplayNameOverride": "AI Builder",
                  "portalOperationIconOverride": "https://content.powerapps.com/resource/makerx/static/pauto/images/designeroperations/aiBuilderNew.51dbdb6b.png",
                  "portalOperationBrandColorOverride": "#0A76C4",
                  "portalOperationApiTierOverride": "Standard"
                }
              },
              "type": "OpenApiConnection",
              "inputs": {
                "host": {
                  "connectionName": "shared_commondataserviceforapps",
                  "operationId": "aibuilderpredict_gptpromptengineering",
                  "apiId": "/providers/Microsoft.PowerApps/apis/shared_commondataserviceforapps"
                },
                "parameters": {
                  "item/requestv2/prompt": "Without using introductory phrases, examine the data and identify potential personal, financial (like SSN or credit card numbers), and health-related details: @{outputs('Compose_-_Customer_Health_Details')}Provide findings in less than 20 words."
                },
                "authentication": "@parameters('$authentication')"
              }
            },
            "Set_variable_-_GDPR_Status": {
              "runAfter": {
                "Start_and_wait_for_an_approval_of_text": [
                  "Succeeded"
                ]
              },
              "metadata": {
                "operationMetadataId": "287173d8-32f2-4c2c-b9c8-9438495349cd"
              },
              "type": "SetVariable",
              "inputs": {
                "name": "varOutput",
                "value": "@outputs('Create_text_with_GPT')?['body/responsev2/predictionOutput/text']"
              }
            },
            "Start_and_wait_for_an_approval_of_text": {
              "runAfter": {
                "Create_text_with_GPT": [
                  "Succeeded"
                ]
              },
              "metadata": {
                "operationMetadataId": "e7efa1ca-1ca9-4d26-8331-9418f32d61bd"
              },
              "type": "OpenApiConnectionWebhook",
              "inputs": {
                "host": {
                  "connectionName": "shared_approvals",
                  "operationId": "StartAndWaitForATextSuggestionApproval",
                  "apiId": "/providers/Microsoft.PowerApps/apis/shared_approvals"
                },
                "parameters": {
                  "WebhookTextSuggestionApprovalCreationInput/title": "Test",
                  "WebhookTextSuggestionApprovalCreationInput/suggestedText": "Test",
                  "WebhookTextSuggestionApprovalCreationInput/assignedTo": "Hack@office365journey.onmicrosoft.com",
                  "WebhookTextSuggestionApprovalCreationInput/enableNotifications": true,
                  "WebhookTextSuggestionApprovalCreationInput/enableReassignment": true
                },
                "authentication": "@parameters('$authentication')"
              },
              "runtimeConfiguration": {
                "staticResult": {
                  "staticResultOptions": "Enabled",
                  "name": "Start_and_wait_for_an_approval_of_text0"
                }
              }
            }
          },
          "runAfter": {
            "Initialize_variable": [
              "Succeeded"
            ]
          },
          "else": {
            "actions": {
              "Update_a_row_-_Remove_personal_customer_information_-_Right_to_Forget": {
                "runAfter": {},
                "metadata": {
                  "operationMetadataId": "8eeb7be3-734b-4c20-96e1-a64e92139487"
                },
                "type": "OpenApiConnection",
                "inputs": {
                  "host": {
                    "connectionName": "shared_commondataserviceforapps",
                    "operationId": "UpdateRecord",
                    "apiId": "/providers/Microsoft.PowerApps/apis/shared_commondataserviceforapps"
                  },
                  "parameters": {
                    "entityName": "gh_gh_customerdetails",
                    "recordId": "@first(outputs('List_rows_-_Get_Customer_Details')?['body/value'])?['gh_gh_customerdetailid']",
                    "item/gh_additionaldetails": "None",
                    "item/gh_preexistingconditions": "None"
                  },
                  "authentication": "@parameters('$authentication')"
                }
              },
              "Set_variable_-_Deletion_Status": {
                "runAfter": {
                  "Update_a_row_-_Remove_personal_customer_information_-_Right_to_Forget": [
                    "Succeeded"
                  ]
                },
                "metadata": {
                  "operationMetadataId": "6c3b18fe-193b-4b5e-ad78-88a2852a36df"
                },
                "type": "SetVariable",
                "inputs": {
                  "name": "varOutput",
                  "value": "Personal Information has been deleted from the system"
                }
              }
            }
          },
          "expression": {
            "equals": [
              "@body('Parse_JSON')?['ActionToBeDone']",
              "Fetch Personal Details"
            ]
          },
          "metadata": {
            "operationMetadataId": "b108d4e1-282a-4036-8bbc-5af9771703bc"
          },
          "type": "If"
        },
        "List_rows_-_Get_Customer_Details": {
          "runAfter": {
            "Parse_JSON": [
              "Succeeded"
            ]
          },
          "metadata": {
            "operationMetadataId": "bd35fc72-30b9-48f2-9714-7e525ebf985a"
          },
          "type": "OpenApiConnection",
          "inputs": {
            "host": {
              "connectionName": "shared_commondataserviceforapps",
              "operationId": "ListRecords",
              "apiId": "/providers/Microsoft.PowerApps/apis/shared_commondataserviceforapps"
            },
            "parameters": {
              "entityName": "gh_gh_customerdetails",
              "$select": "gh_additionaldetails,gh_preexistingconditions",
              "$filter": "gh_name eq '@{body('Parse_JSON')?['UserName']}'"
            },
            "authentication": "@parameters('$authentication')"
          }
        },
        "Initialize_variable": {
          "runAfter": {
            "List_rows_-_Get_Customer_Details": [
              "Succeeded"
            ]
          },
          "metadata": {
            "operationMetadataId": "0b3c48b8-e7b2-4cc6-a6c0-78854161a215"
          },
          "type": "InitializeVariable",
          "inputs": {
            "variables": [
              {
                "name": "varOutput",
                "type": "string"
              }
            ]
          }
        },
        "Response": {
          "runAfter": {
            "Condition_-_Check_whether_to_check_for_GDPR_or_Implement_Right_to_Forget": [
              "Succeeded"
            ]
          },
          "metadata": {
            "operationMetadataId": "b5f7d287-b6dd-481f-943c-3326aeb32e72"
          },
          "type": "Response",
          "kind": "Http",
          "inputs": {
            "statusCode": 200,
            "headers": {
              "Content-Type": "application/json"
            },
            "body": {
              "GDPROutput": "@variables('varOutput')"
            }
          }
        },
        "Parse_JSON": {
          "runAfter": {},
          "metadata": {
            "operationMetadataId": "e10b9d7f-d5d8-41c4-b37e-b4e05d20e017"
          },
          "type": "ParseJson",
          "inputs": {
            "content": "@triggerBody()",
            "schema": {
              "type": "object",
              "properties": {
                "UserName": {
                  "type": "string"
                },
                "ActionToBeDone": {
                  "type": "string"
                }
              }
            }
          }
        }
      }
    },
    "templateName": ""
  },
  "schemaVersion": "1.0.0.0"
}