{
  "properties": {
    "connectionReferences": {
      "shared_commondataserviceforapps": {
        "runtimeSource": "embedded",
        "connection": {
          "connectionReferenceLogicalName": "new_sharedcommondataserviceforapps_c65c3"
        },
        "api": {
          "name": "shared_commondataserviceforapps"
        }
      }
    },
    "definition": {
      "$schema": "https://schema.management.azure.com/providers/Microsoft.Logic/schemas/2016-06-01/workflowdefinition.json#",
      "contentVersion": "1.0.0.0",
      "parameters": {
        "$connections": {
          "defaultValue": {},
          "type": "Object"
        },
        "$authentication": {
          "defaultValue": {},
          "type": "SecureObject"
        }
      },
      "triggers": {
        "manual": {
          "metadata": {
            "operationMetadataId": "ba7040e4-8146-48c0-a7b1-6b9f451c86b3"
          },
          "type": "Request",
          "kind": "Http",
          "inputs": {
            "triggerAuthenticationType": "All"
          }
        }
      },
      "actions": {
        "List_rows": {
          "runAfter": {},
          "metadata": {
            "operationMetadataId": "09c6f727-c376-43ed-bd58-57f759b21198"
          },
          "type": "OpenApiConnection",
          "inputs": {
            "host": {
              "connectionName": "shared_commondataserviceforapps",
              "operationId": "ListRecords",
              "apiId": "/providers/Microsoft.PowerApps/apis/shared_commondataserviceforapps"
            },
            "parameters": {
              "entityName": "gh_gh_productdetails",
              "$orderby": "gh_productname asc"
            },
            "authentication": "@parameters('$authentication')"
          }
        },
        "Compose_2": {
          "runAfter": {
            "List_rows": [
              "Succeeded"
            ]
          },
          "metadata": {
            "operationMetadataId": "65bea622-d066-4e9c-9c12-a9f95db15b4a"
          },
          "type": "Compose",
          "inputs": "@outputs('List_rows')?['body/value']"
        },
        "Initialize_variable": {
          "runAfter": {
            "Compose_2": [
              "Succeeded"
            ]
          },
          "metadata": {
            "operationMetadataId": "d9341015-fccc-452e-8e8e-eb31450736ba"
          },
          "type": "InitializeVariable",
          "inputs": {
            "variables": [
              {
                "name": "varProducts",
                "type": "array"
              }
            ]
          }
        },
        "Apply_to_each": {
          "foreach": "@outputs('List_rows')?['body/value']",
          "actions": {
            "Append_to_array_variable": {
              "runAfter": {},
              "metadata": {
                "operationMetadataId": "3c01aebc-df30-4c94-bdc7-e80e30916bb7"
              },
              "type": "AppendToArrayVariable",
              "inputs": {
                "name": "varProducts",
                "value": "Brandname:@{items('Apply_to_each')?['gh_brandname']}, DaysNeedfor: @{items('Apply_to_each')?['gh_daysneededfor']}, Effectedpreconditions: @{items('Apply_to_each')?['gh_effectedpreconditions']},Generic name:@{items('Apply_to_each')?['gh_genericname']},Product Description: @{items('Apply_to_each')?['gh_productdescription']}, Product Name: @{items('Apply_to_each')?['gh_productname']}, Warnings: @{items('Apply_to_each')?['gh_warnings']}, DrugSchedule: @{items('Apply_to_each')?['gh_drugschedule']}, Medicinetype: @{items('Apply_to_each')?['gh_medicinetype']}, Product type: @{items('Apply_to_each')?['gh_producttype']}, Stock quantity: @{items('Apply_to_each')?['gh_quantityinstock']}, Status: @{items('Apply_to_each')?['statecode']},Status Reason: @{items('Apply_to_each')?['statuscode']}, Unit price: @{items('Apply_to_each')?['gh_unitprice']}, Prescription required: @{items('Apply_to_each')?['gh_prescriptionrequired']}, FDA_Approval: @{items('Apply_to_each')?['gh_fdaapproval']}"
              }
            }
          },
          "runAfter": {
            "Initialize_variable": [
              "Succeeded"
            ]
          },
          "metadata": {
            "operationMetadataId": "f1d064d9-7e91-4452-b458-bec6065ee1ba"
          },
          "type": "Foreach"
        },
        "Compose": {
          "runAfter": {
            "Apply_to_each": [
              "Succeeded"
            ]
          },
          "metadata": {
            "operationMetadataId": "18c47263-2ebd-4c6d-99ff-d159704c7954"
          },
          "type": "Compose",
          "inputs": "@variables('varProducts')"
        },
        "Response": {
          "runAfter": {
            "Compose": [
              "Succeeded"
            ]
          },
          "metadata": {
            "operationMetadataId": "1a7fa6f2-5319-4d96-b521-0f1bc68298e4"
          },
          "type": "Response",
          "kind": "Http",
          "inputs": {
            "statusCode": 200,
            "headers": {
              "Content-Type": "application/json"
            },
            "body": "@variables('varProducts')"
          }
        }
      }
    },
    "templateName": ""
  },
  "schemaVersion": "1.0.0.0"
}