{
  "properties": {
    "connectionReferences": {
      "shared_sharepointonline": {
        "runtimeSource": "embedded",
        "connection": {
          "connectionReferenceLogicalName": "new_sharedsharepointonline_6580b"
        },
        "api": {
          "name": "shared_sharepointonline"
        }
      },
      "shared_commondataserviceforapps": {
        "runtimeSource": "embedded",
        "connection": {
          "connectionReferenceLogicalName": "raa_sharedcommondataserviceforapps_180d2"
        },
        "api": {
          "name": "shared_commondataserviceforapps"
        }
      },
      "shared_powerappsnotificationv2": {
        "runtimeSource": "embedded",
        "connection": {
          "connectionReferenceLogicalName": "new_sharedpowerappsnotificationv2_44a55"
        },
        "api": {
          "name": "shared_powerappsnotificationv2"
        }
      },
      "shared_approvals": {
        "runtimeSource": "embedded",
        "connection": {
          "connectionReferenceLogicalName": "new_sharedapprovals_2d7f3"
        },
        "api": {
          "name": "shared_approvals"
        }
      },
      "shared_eventhubs_1": {
        "runtimeSource": "embedded",
        "connection": {
          "connectionReferenceLogicalName": "new_sharedeventhubs_a3680"
        },
        "api": {
          "name": "shared_eventhubs"
        }
      }
    },
    "definition": {
      "$schema": "https://schema.management.azure.com/providers/Microsoft.Logic/schemas/2016-06-01/workflowdefinition.json#",
      "contentVersion": "1.0.0.0",
      "parameters": {
        "$connections": {
          "defaultValue": {},
          "type": "Object"
        },
        "$authentication": {
          "defaultValue": {},
          "type": "SecureObject"
        }
      },
      "staticResults": {
        "Start_and_wait_for_an_approval_of_text0": {
          "status": "Succeeded",
          "outputs": {
            "statusCode": "OK",
            "headers": {}
          }
        }
      },
      "triggers": {
        "When_events_are_available_in_Event_Hub": {
          "recurrence": {
            "interval": 1,
            "frequency": "Minute"
          },
          "splitOn": "@triggerOutputs()?['body']",
          "metadata": {
            "operationMetadataId": "bbea5159-2d8e-4c7e-820a-2ce7fa0a649a"
          },
          "type": "OpenApiConnection",
          "inputs": {
            "host": {
              "connectionName": "shared_eventhubs_1",
              "operationId": "OnNewEvents",
              "apiId": "/providers/Microsoft.PowerApps/apis/shared_eventhubs"
            },
            "parameters": {
              "eventHubName": "dotnethackeventhub",
              "contentType": "application/octet-stream",
              "consumerGroupName": "$Default",
              "maximumEventsCount": 50
            },
            "authentication": "@parameters('$authentication')"
          }
        }
      },
      "actions": {
        "Create_items": {
          "runAfter": {
            "Add_a_new_row": [
              "Succeeded"
            ]
          },
          "metadata": {
            "operationMetadataId": "d1ed73cb-f773-4eeb-ad75-5df94545774f"
          },
          "type": "OpenApiConnection",
          "inputs": {
            "host": {
              "connectionName": "shared_sharepointonline",
              "operationId": "PostItem",
              "apiId": "/providers/Microsoft.PowerApps/apis/shared_sharepointonline"
            },
            "parameters": {
              "dataset": "https://office365journey.sharepoint.com/sites/GlobalHack",
              "table": "RefrigerationEvents",
              "item/Title": "Refrigeration Events",
              "item/Device": "@outputs('Add_a_new_row')?['body/cr976_devicename']",
              "item/Temperature": "@outputs('Add_a_new_row')?['body/cr976_temperature']",
              "item/Humidity": "@outputs('Add_a_new_row')?['body/cr976_humidity']",
              "item/Fail_x003f_": "@outputs('Add_a_new_row')?['body/cr976_openaifailureprediction']",
              "item/MessageQueuedTime": "@triggerOutputs()?['body/SystemProperties/EnqueuedTimeUtc']"
            },
            "authentication": "@parameters('$authentication')"
          }
        },
        "Parse_JSON_-_Get_JSON_Values_Temperature_and_Humidity": {
          "runAfter": {
            "Compose_-_Extract_the_Values_without_Device_Name": [
              "Succeeded"
            ]
          },
          "metadata": {
            "operationMetadataId": "f402209f-6bdd-44c4-8ea4-bac7173516c7"
          },
          "type": "ParseJson",
          "inputs": {
            "content": "@outputs('Compose_-_Decode_Base_64_Event_Hub_data_to_JSON')",
            "schema": {
              "type": "object",
              "properties": {
                "DeviceName": {
                  "type": "string"
                },
                "temperature": {
                  "type": "integer"
                },
                "humidity": {
                  "type": "integer"
                }
              }
            }
          }
        },
        "Compose_-_Decode_Base_64_Event_Hub_data_to_JSON": {
          "runAfter": {},
          "metadata": {
            "operationMetadataId": "0c1521e2-849e-473b-a18d-e5feb2522d92"
          },
          "type": "Compose",
          "inputs": "@base64ToString(triggerOutputs()?['body/ContentData'])"
        },
        "Initialize_variable_-_Set_current_HVAC_values": {
          "runAfter": {
            "Compose_-_Get_IoT_Device_name": [
              "Succeeded"
            ]
          },
          "metadata": {
            "operationMetadataId": "dfee77a9-8b9f-44fd-9d01-2873a39f59f2"
          },
          "type": "InitializeVariable",
          "inputs": {
            "variables": [
              {
                "name": "varCurrentHVACValues",
                "type": "string",
                "value": "@{outputs('Compose_-_Decode_Base_64_Event_Hub_data_to_JSON')}"
              }
            ]
          }
        },
        "Initialize_variable_-_Get_IoT_Device_Properties": {
          "runAfter": {
            "Compose_-_Decode_Base_64_Event_Hub_data_to_JSON": [
              "Succeeded"
            ]
          },
          "metadata": {
            "operationMetadataId": "f5465f76-9d17-451a-b9a9-c1322ea21e47"
          },
          "type": "InitializeVariable",
          "inputs": {
            "variables": [
              {
                "name": "varDeviceProperties",
                "type": "object",
                "value": "@triggerOutputs()?['body/Properties']"
              }
            ]
          }
        },
        "Compose_-_Get_IoT_Device_name": {
          "runAfter": {
            "Initialize_variable_-_Get_IoT_Device_Properties": [
              "Succeeded"
            ]
          },
          "metadata": {
            "operationMetadataId": "8f65deae-ba82-46fb-9c52-58582a80770e"
          },
          "type": "Compose",
          "inputs": "@variables('varDeviceProperties')['iothub-connection-device-id']"
        },
        "Create_text_with_GPT": {
          "runAfter": {
            "Initialize_variable_-_Generate_Open_AI_prompt": [
              "Succeeded"
            ]
          },
          "metadata": {
            "operationMetadataId": "3120e663-704e-47b2-bce6-a86f29a3bac0",
            "flowSystemMetadata": {
              "portalOperationId": "aibuilderpredict_gptpromptengineering",
              "portalOperationGroup": "aibuilder",
              "portalOperationApiDisplayNameOverride": "AI Builder",
              "portalOperationIconOverride": "https://content.powerapps.com/resource/makerx/static/pauto/images/designeroperations/aiBuilderNew.51dbdb6b.png",
              "portalOperationBrandColorOverride": "#0A76C4",
              "portalOperationApiTierOverride": "Standard"
            }
          },
          "type": "OpenApiConnection",
          "inputs": {
            "host": {
              "connectionName": "shared_commondataserviceforapps",
              "operationId": "aibuilderpredict_gptpromptengineering",
              "apiId": "/providers/Microsoft.PowerApps/apis/shared_commondataserviceforapps"
            },
            "parameters": {
              "item/requestv2/prompt": "@variables('varPrompt')"
            },
            "authentication": "@parameters('$authentication')"
          }
        },
        "Add_a_new_row": {
          "runAfter": {
            "Condition": [
              "Succeeded"
            ]
          },
          "metadata": {
            "operationMetadataId": "5d45d03a-93a0-4493-8f09-9baa538253f2"
          },
          "type": "OpenApiConnection",
          "inputs": {
            "host": {
              "connectionName": "shared_commondataserviceforapps",
              "operationId": "CreateRecord",
              "apiId": "/providers/Microsoft.PowerApps/apis/shared_commondataserviceforapps"
            },
            "parameters": {
              "entityName": "cr976_hvaciotdatas",
              "item/cr976_devicename": "@outputs('Compose_-_Get_IoT_Device_name')",
              "item/cr976_humidity": "@body('Parse_JSON_-_Get_JSON_Values_Temperature_and_Humidity')?['humidity']",
              "item/cr976_iotvaluejson": "@variables('varCurrentHVACValues')",
              "item/cr976_openaifailureprediction": "@replace(outputs('Create_text_with_GPT')?['body/responsev2/predictionOutput/text'],'.','')",
              "item/cr976_pressure": "@body('Parse_JSON_-_Get_JSON_Values_Temperature_and_Humidity')?['pressure']",
              "item/cr976_temperature": "@body('Parse_JSON_-_Get_JSON_Values_Temperature_and_Humidity')?['temperature']"
            },
            "authentication": "@parameters('$authentication')"
          }
        },
        "Compose_-_Extract_the_Values_without_Device_Name": {
          "runAfter": {
            "Initialize_variable_-_Set_current_HVAC_values": [
              "Succeeded"
            ]
          },
          "metadata": {
            "operationMetadataId": "7b4d1dd5-bbdb-4e84-b5aa-43ea6e1a7e2b"
          },
          "type": "Compose",
          "inputs": "@concat('{\"', slice(variables('varCurrentHVACValues'), add(indexOf(variables('varCurrentHVACValues'), ','), 2)))"
        },
        "Condition": {
          "actions": {
            "Send_push_notification_V2": {
              "runAfter": {},
              "metadata": {
                "operationMetadataId": "5ab7ea4e-0c4b-4c78-a715-61b7c0af8a93"
              },
              "type": "OpenApiConnection",
              "inputs": {
                "host": {
                  "connectionName": "shared_powerappsnotificationv2",
                  "operationId": "SendPushNotificationV2",
                  "apiId": "/providers/Microsoft.PowerApps/apis/shared_powerappsnotificationv2"
                },
                "parameters": {
                  "payload/playerType": "PowerApps",
                  "payload/app": "{\n  \"appIdentifier\": \"842175e9-6e5b-4f6e-95f3-f6099517705f\",\n  \"displayName\": \"GH_FrostSentinel\",\n  \"type\": \"CanvasApp\"\n}",
                  "payload/recipients": [
                    "hack@office365journey.onmicrosoft.com"
                  ],
                  "payload/message": "A new anomaly has been detected for the pharmacy refrigeration device : @{outputs('Compose_-_Get_IoT_Device_name')} with parameter values : @{outputs('Compose_-_Extract_the_Values_without_Device_Name')} . Request you to review this from the Frost Sentinel app. ",
                  "payload/openApp": true
                },
                "authentication": "@parameters('$authentication')"
              }
            }
          },
          "runAfter": {
            "Start_and_wait_for_an_approval_of_text": [
              "Succeeded"
            ]
          },
          "expression": {
            "contains": [
              "@outputs('Create_text_with_GPT')?['body/responsev2/predictionOutput/text']",
              "Yes"
            ]
          },
          "metadata": {
            "operationMetadataId": "2ccc9e90-2953-4468-9ce5-e35d0783f301"
          },
          "type": "If"
        },
        "Start_and_wait_for_an_approval_of_text": {
          "runAfter": {
            "Create_text_with_GPT": [
              "Succeeded"
            ]
          },
          "metadata": {
            "operationMetadataId": "eb472575-66ac-42c4-97d8-3069d3a5cdbe"
          },
          "type": "OpenApiConnectionWebhook",
          "inputs": {
            "host": {
              "connectionName": "shared_approvals",
              "operationId": "StartAndWaitForATextSuggestionApproval",
              "apiId": "/providers/Microsoft.PowerApps/apis/shared_approvals"
            },
            "parameters": {
              "WebhookTextSuggestionApprovalCreationInput/title": "test",
              "WebhookTextSuggestionApprovalCreationInput/suggestedText": "test",
              "WebhookTextSuggestionApprovalCreationInput/assignedTo": "Hack@office365journey.onmicrosoft.com",
              "WebhookTextSuggestionApprovalCreationInput/enableNotifications": true,
              "WebhookTextSuggestionApprovalCreationInput/enableReassignment": true
            },
            "authentication": "@parameters('$authentication')"
          },
          "runtimeConfiguration": {
            "staticResult": {
              "staticResultOptions": "Enabled",
              "name": "Start_and_wait_for_an_approval_of_text0"
            }
          }
        },
        "Initialize_variable_-_Generate_Open_AI_prompt": {
          "runAfter": {
            "Parse_JSON_-_Get_JSON_Values_Temperature_and_Humidity": [
              "Succeeded"
            ]
          },
          "metadata": {
            "operationMetadataId": "cc930296-ec95-4e40-b28a-461bbc853182"
          },
          "type": "InitializeVariable",
          "inputs": {
            "variables": [
              {
                "name": "varPrompt",
                "type": "string",
                "value": "Giventhe below historic dataset where the refrigeration system fails if the temperature exceeds -15  or the humidity exceeds 50, predict whether the current refrigeration JSON value of  @{outputs('Compose_-_Extract_the_Values_without_Device_Name')} will lead to a failure.\n[\n{\"Temperature\": -16, \"Humidity\": 40, \"Failure\": false},\n{\"Temperature\": -18, \"Humidity\": 35, \"Failure\": false},\n{\"Temperature\": -19, \"Humidity\": 30, \"Failure\": false},\n{\"Temperature\": -20, \"Humidity\": 45, \"Failure\": false},\n{\"Temperature\": -17, \"Humidity\": 42, \"Failure\": false},\n{\"Temperature\": -15, \"Humidity\": 50, \"Failure\": true},\n{\"Temperature\": -13, \"Humidity\": 52, \"Failure\": true},\n{\"Temperature\": -14, \"Humidity\": 51, \"Failure\": true},\n{\"Temperature\": -11, \"Humidity\": 54, \"Failure\": true},\n{\"Temperature\": -12, \"Humidity\": 53, \"Failure\": true}\n]\nProvide answer in less than 4 characters as a Yes or No and without any fullstop in the answer "
              }
            ]
          }
        }
      }
    },
    "templateName": ""
  },
  "schemaVersion": "1.0.0.0"
}