{
  "properties": {
    "connectionReferences": {
      "shared_commondataserviceforapps": {
        "impersonation": {},
        "runtimeSource": "embedded",
        "connection": {
          "connectionReferenceLogicalName": "dh_sharedcommondataserviceforapps_fcb65"
        },
        "api": {
          "name": "shared_commondataserviceforapps"
        }
      }
    },
    "definition": {
      "$schema": "https://schema.management.azure.com/providers/Microsoft.Logic/schemas/2016-06-01/workflowdefinition.json#",
      "contentVersion": "1.0.0.0",
      "parameters": {
        "$connections": {
          "defaultValue": {},
          "type": "Object"
        },
        "$authentication": {
          "defaultValue": {},
          "type": "SecureObject"
        }
      },
      "triggers": {
        "manual": {
          "metadata": {
            "operationMetadataId": "3882a399-011a-4276-a0fb-00facd1f5a3a"
          },
          "type": "Request",
          "kind": "Http",
          "inputs": {
            "triggerAuthenticationType": "All"
          }
        }
      },
      "actions": {
        "Response": {
          "runAfter": {
            "Apply_to_each": [
              "Succeeded"
            ]
          },
          "metadata": {
            "operationMetadataId": "ba60a950-7a87-42c5-b521-1bcef38e3d60"
          },
          "type": "Response",
          "kind": "Http",
          "inputs": {
            "statusCode": 200,
            "headers": {
              "Content-Type": "application/json"
            },
            "body": {
              "MedicineName": "@{variables('varMedicineName')}"
            }
          }
        },
        "Parse_Incoming_Request": {
          "runAfter": {},
          "metadata": {
            "operationMetadataId": "810a219b-60fb-4fe8-8a45-e9cd61e26c3c"
          },
          "type": "ParseJson",
          "inputs": {
            "content": "@triggerBody()",
            "schema": {
              "type": "object",
              "properties": {
                "headers": {
                  "type": "object",
                  "properties": {
                    "Host": {
                      "type": "string"
                    },
                    "Max-Forwards": {
                      "type": "string"
                    },
                    "traceparent": {
                      "type": "string"
                    },
                    "X-ARR-LOG-ID": {
                      "type": "string"
                    },
                    "CLIENT-IP": {
                      "type": "string"
                    },
                    "DISGUISED-HOST": {
                      "type": "string"
                    },
                    "X-SITE-DEPLOYMENT-ID": {
                      "type": "string"
                    },
                    "WAS-DEFAULT-HOSTNAME": {
                      "type": "string"
                    },
                    "X-Forwarded-Proto": {
                      "type": "string"
                    },
                    "X-AppService-Proto": {
                      "type": "string"
                    },
                    "X-ARR-SSL": {
                      "type": "string"
                    },
                    "X-Forwarded-TlsVersion": {
                      "type": "string"
                    },
                    "X-Forwarded-For": {
                      "type": "string"
                    },
                    "X-Original-URL": {
                      "type": "string"
                    },
                    "X-WAWS-Unencoded-URL": {
                      "type": "string"
                    },
                    "Content-Length": {
                      "type": "string"
                    },
                    "Content-Type": {
                      "type": "string"
                    }
                  }
                },
                "body": {
                  "type": "object",
                  "properties": {
                    "base64Image": {
                      "type": "string"
                    }
                  }
                }
              }
            }
          }
        },
        "Compose_Image_Body": {
          "runAfter": {
            "Parse_Image_Body": [
              "Succeeded"
            ]
          },
          "metadata": {
            "operationMetadataId": "98980f73-6b9f-4463-9a9d-363a66a1dae2"
          },
          "type": "Compose",
          "inputs": "@body('Parse_Image_Body')"
        },
        "Parse_Image_Body": {
          "runAfter": {
            "Parse_Incoming_Request": [
              "Succeeded"
            ]
          },
          "metadata": {
            "operationMetadataId": "4f5dccff-4702-43a7-9a2f-bd1ed9159ebd"
          },
          "type": "ParseJson",
          "inputs": {
            "content": "@body('Parse_Incoming_Request')",
            "schema": {
              "type": "object",
              "properties": {
                "body": {
                  "type": "object",
                  "properties": {
                    "base64Image": {
                      "type": "string"
                    }
                  }
                }
              }
            }
          }
        },
        "Parse_JSON_to_get_Base_64_Content": {
          "runAfter": {
            "Compose_Image_Body": [
              "Succeeded"
            ]
          },
          "metadata": {
            "operationMetadataId": "15b4a536-3ee6-4fab-8e32-99992b12a331"
          },
          "type": "ParseJson",
          "inputs": {
            "content": "@outputs('Compose_Image_Body')",
            "schema": {
              "type": "object",
              "properties": {
                "base64Image": {
                  "type": "string"
                }
              }
            }
          }
        },
        "Formatted_Image_Content": {
          "runAfter": {
            "Parse_JSON_to_get_Base_64_Content": [
              "Succeeded"
            ]
          },
          "metadata": {
            "operationMetadataId": "69c30112-c424-4183-9495-9bf1a424bc23"
          },
          "type": "Compose",
          "inputs": {
            "$content-type": "image/jpeg",
            "$content": "@{body('Parse_JSON_to_get_Base_64_Content')?['base64Image']}"
          }
        },
        "Detect_and_count_objects_in_images": {
          "runAfter": {
            "Formatted_Image_Content": [
              "Succeeded"
            ]
          },
          "metadata": {
            "operationMetadataId": "9dbe3d04-52c2-450d-b217-9e7965bfabb8",
            "flowSystemMetadata": {
              "portalOperationId": "aibuilderpredict_objectdetection",
              "portalOperationGroup": "aibuilder"
            }
          },
          "type": "OpenApiConnection",
          "inputs": {
            "host": {
              "apiId": "/providers/Microsoft.PowerApps/apis/shared_commondataserviceforapps",
              "connectionName": "shared_commondataserviceforapps",
              "operationId": "aibuilderpredict_objectdetection"
            },
            "parameters": {
              "recordId": "d3f1f037-8119-4ded-907c-0a9774d77e91",
              "item/requestv2/base64Encoded": "@outputs('Formatted_Image_Content')"
            },
            "authentication": "@parameters('$authentication')"
          }
        },
        "Apply_to_each": {
          "foreach": "@outputs('Detect_and_count_objects_in_images')?['body/responsev2/predictionOutput/results']",
          "actions": {
            "Set_variable": {
              "runAfter": {},
              "metadata": {
                "operationMetadataId": "a9f74220-4aca-4cad-a3e2-99b64a1229fd"
              },
              "type": "SetVariable",
              "inputs": {
                "name": "varMedicineName",
                "value": "@items('Apply_to_each')?['tagName']"
              }
            }
          },
          "runAfter": {
            "Initialize_variable": [
              "Succeeded"
            ]
          },
          "metadata": {
            "operationMetadataId": "2728193b-dc91-4360-9436-db5bf927955c"
          },
          "type": "Foreach"
        },
        "Initialize_variable": {
          "runAfter": {
            "Detect_and_count_objects_in_images": [
              "Succeeded"
            ]
          },
          "metadata": {
            "operationMetadataId": "19db1b5b-33bd-416e-92e8-3f16b7e74081"
          },
          "type": "InitializeVariable",
          "inputs": {
            "variables": [
              {
                "name": "varMedicineName",
                "type": "string"
              }
            ]
          }
        }
      }
    },
    "templateName": null
  },
  "schemaVersion": "1.0.0.0"
}