{
  "properties": {
    "connectionReferences": {
      "shared_commondataserviceforapps": {
        "runtimeSource": "embedded",
        "connection": {
          "connectionReferenceLogicalName": "raa_sharedcommondataserviceforapps_180d2"
        },
        "api": {
          "name": "shared_commondataserviceforapps"
        }
      },
      "shared_sharepointonline_2": {
        "runtimeSource": "embedded",
        "connection": {
          "connectionReferenceLogicalName": "new_sharedsharepointonline_6580b"
        },
        "api": {
          "name": "shared_sharepointonline"
        }
      },
      "shared_teams": {
        "runtimeSource": "embedded",
        "connection": {
          "connectionReferenceLogicalName": "cr976_sharedteams_79044"
        },
        "api": {
          "name": "shared_teams"
        }
      }
    },
    "definition": {
      "$schema": "https://schema.management.azure.com/providers/Microsoft.Logic/schemas/2016-06-01/workflowdefinition.json#",
      "contentVersion": "1.0.0.0",
      "parameters": {
        "$connections": {
          "defaultValue": {},
          "type": "Object"
        },
        "$authentication": {
          "defaultValue": {},
          "type": "SecureObject"
        }
      },
      "triggers": {
        "manual": {
          "metadata": {
            "operationMetadataId": "6b184798-e0a8-45d3-a500-f1f682315838"
          },
          "type": "Request",
          "kind": "Http",
          "inputs": {
            "triggerAuthenticationType": "All"
          }
        }
      },
      "actions": {
        "Initialize_variable_-_Device_Image": {
          "runAfter": {
            "Parse_JSON": [
              "Succeeded"
            ]
          },
          "metadata": {
            "operationMetadataId": "6f757871-8846-4351-8f87-3da20b2ea90f"
          },
          "type": "InitializeVariable",
          "inputs": {
            "variables": [
              {
                "name": "varDeviceImageName",
                "type": "string",
                "value": "@{body('Parse_JSON')?['DeviceName']}.png"
              }
            ]
          }
        },
        "Add_a_new_row": {
          "runAfter": {
            "Initialize_variable_-_Device_Image": [
              "Succeeded"
            ]
          },
          "metadata": {
            "operationMetadataId": "950a6e66-97e1-4ac3-8f4a-cc1d767e0639"
          },
          "type": "OpenApiConnection",
          "inputs": {
            "host": {
              "connectionName": "shared_commondataserviceforapps",
              "operationId": "CreateRecord",
              "apiId": "/providers/Microsoft.PowerApps/apis/shared_commondataserviceforapps"
            },
            "parameters": {
              "entityName": "cr976_hvacmaintenances",
              "item/cr976_devicename": "@body('Parse_JSON')?['DeviceName']",
              "item/cr976_humidity": "@body('Parse_JSON')?['Humidity']",
              "item/cr976_issuereporteddate": "@body('Parse_JSON')?['OccurrenceTime']",
              "item/cr976_resolutionstatus": "Pending",
              "item/cr976_temperature": "@body('Parse_JSON')?['Temperature']"
            },
            "authentication": "@parameters('$authentication')"
          }
        },
        "Get_file_content_using_path": {
          "runAfter": {
            "Add_a_new_row": [
              "Succeeded"
            ]
          },
          "metadata": {
            "operationMetadataId": "3e450abe-7c19-4cfc-afe9-5fca4fb37dc8"
          },
          "type": "OpenApiConnection",
          "inputs": {
            "host": {
              "connectionName": "shared_sharepointonline_2",
              "operationId": "GetFileContentByPath",
              "apiId": "/providers/Microsoft.PowerApps/apis/shared_sharepointonline"
            },
            "parameters": {
              "dataset": "https://office365journey.sharepoint.com/sites/GlobalHack",
              "path": "@concat('/Shared Documents/RefrigerationImages/', variables('varDeviceImageName'))",
              "inferContentType": true
            },
            "authentication": "@parameters('$authentication')"
          }
        },
        "Compose_Device_Image": {
          "runAfter": {
            "Get_file_content_using_path": [
              "Succeeded"
            ]
          },
          "metadata": {
            "operationMetadataId": "3c9831cf-50ef-4ca0-b808-30a60fbfea61"
          },
          "type": "Compose",
          "inputs": "@base64(outputs('Get_file_content_using_path')?['body'])"
        },
        "Get_file_content_using_path_-_Warning": {
          "runAfter": {
            "Compose_Device_Image": [
              "Succeeded"
            ]
          },
          "metadata": {
            "operationMetadataId": "1df0d1a6-4fcb-409c-9f9f-bc9c9c06e788"
          },
          "type": "OpenApiConnection",
          "inputs": {
            "host": {
              "connectionName": "shared_sharepointonline_2",
              "operationId": "GetFileContentByPath",
              "apiId": "/providers/Microsoft.PowerApps/apis/shared_sharepointonline"
            },
            "parameters": {
              "dataset": "https://office365journey.sharepoint.com/sites/GlobalHack",
              "path": "/Shared Documents/RefrigerationImages/warning.png",
              "inferContentType": true
            },
            "authentication": "@parameters('$authentication')"
          }
        },
        "Compose_Warning_Image": {
          "runAfter": {
            "Get_file_content_using_path_-_Warning": [
              "Succeeded"
            ]
          },
          "metadata": {
            "operationMetadataId": "e0fb20f7-e80e-47e9-94a7-f73d5b4593c8"
          },
          "type": "Compose",
          "inputs": "@base64(outputs('Get_file_content_using_path_-_Warning')?['body'])"
        },
        "Get_file_content_using_path_-_Temperature": {
          "runAfter": {
            "Compose_Warning_Image": [
              "Succeeded"
            ]
          },
          "metadata": {
            "operationMetadataId": "7e08cb0f-5580-437f-89f6-1c2d07d6400b"
          },
          "type": "OpenApiConnection",
          "inputs": {
            "host": {
              "connectionName": "shared_sharepointonline_2",
              "operationId": "GetFileContentByPath",
              "apiId": "/providers/Microsoft.PowerApps/apis/shared_sharepointonline"
            },
            "parameters": {
              "dataset": "https://office365journey.sharepoint.com/sites/GlobalHack",
              "path": "/Shared Documents/RefrigerationImages/temperature.png",
              "inferContentType": true
            },
            "authentication": "@parameters('$authentication')"
          }
        },
        "Compose_Temperature_Image": {
          "runAfter": {
            "Get_file_content_using_path_-_Temperature": [
              "Succeeded"
            ]
          },
          "metadata": {
            "operationMetadataId": "d9a5182d-b37d-4e4a-b4e6-6d9b02de7f6c"
          },
          "type": "Compose",
          "inputs": "@base64(outputs('Get_file_content_using_path_-_Temperature')?['body'])"
        },
        "Get_file_content_using_path_-_Humidity": {
          "runAfter": {
            "Compose_Temperature_Image": [
              "Succeeded"
            ]
          },
          "metadata": {
            "operationMetadataId": "7ae7fe60-1cb2-4234-ba70-dfdb2f894261"
          },
          "type": "OpenApiConnection",
          "inputs": {
            "host": {
              "connectionName": "shared_sharepointonline_2",
              "operationId": "GetFileContentByPath",
              "apiId": "/providers/Microsoft.PowerApps/apis/shared_sharepointonline"
            },
            "parameters": {
              "dataset": "https://office365journey.sharepoint.com/sites/GlobalHack",
              "path": "/Shared Documents/RefrigerationImages/humidity.png",
              "inferContentType": true
            },
            "authentication": "@parameters('$authentication')"
          }
        },
        "Compose_Humidity_Image": {
          "runAfter": {
            "Get_file_content_using_path_-_Humidity": [
              "Succeeded"
            ]
          },
          "metadata": {
            "operationMetadataId": "5337abbe-4980-47e7-9edd-8e9436a7b992"
          },
          "type": "Compose",
          "inputs": "@base64(outputs('Get_file_content_using_path_-_Humidity')?['body'])"
        },
        "Post_adaptive_card_and_wait_for_a_response": {
          "runAfter": {
            "Compose_Humidity_Image": [
              "Succeeded"
            ]
          },
          "metadata": {
            "operationMetadataId": "46fd9d86-9090-4cc2-9e7a-bd0460372006"
          },
          "type": "OpenApiConnectionWebhook",
          "inputs": {
            "host": {
              "connectionName": "shared_teams",
              "operationId": "PostCardAndWaitForResponse",
              "apiId": "/providers/Microsoft.PowerApps/apis/shared_teams"
            },
            "parameters": {
              "poster": "Flow bot",
              "location": "Channel",
              "body/body/messageBody": "{\n  \"$schema\": \"http://adaptivecards.io/schemas/adaptive-card.json\",\n  \"type\": \"AdaptiveCard\",\n  \"version\": \"1.4\", \"backgroundImage\":\"https://messagecardplayground.azurewebsites.net/assets/TxP_Background.png\",\n  \"body\": [               \n       {\n            \"type\": \"ColumnSet\",\n            \"columns\": [\n               {\n                    \"type\": \"Column\",\n                    \"items\": [\n                        {\n                            \"type\": \"Image\",                            \n                            \"url\": \"data:image/png;base64,@{outputs('Compose_Warning_Image')}\",\n                            \"size\": \"medium\"\n                        }\n                    ],\n                    \"width\": \"auto\"\n                },\n                {\n                    \"type\": \"Column\",\n                    \"items\": [\n                        {\n                            \"type\": \"Container\",                   \n                            \"height\": \"stretch\",\n                            \"verticalContentAlignment\": \"Center\",\n                              \"horizontalAlignment\": \"center\",\n                            \"items\": [\n                                {\n                                    \"type\": \"TextBlock\",\n                                    \"text\": \"New Anomaly Detected !\",\n                                     \"size\": \"extraLarge\",\n                                      \"weight\": \"bolder\"\n                                }\n                            ]\n                        } \n                    ],\n                    \"width\": \"stretch\"\n                }\n            ]\n        },\n         {\n                  \"type\": \"Image\",\n                  \"url\": \"data:image/png;base64,@{outputs('Compose_Device_Image')}\",\n                  \"size\": \"medium\",\n                  \"horizontalAlignment\": \"center\",\n                  \"altText\": \"Device Image\"\n                },\n                  {\n                                    \"type\": \"TextBlock\",\n                                    \"horizontalAlignment\": \"center\",\n                                    \"text\": \"Machine : @{body('Parse_JSON')?['DeviceName']}\",\n                                     \"size\": \"medium\",\n                                    \"weight\": \"bolder\"\n                                },\n                                {\n                                    \"type\": \"TextBlock\",\n                                    \"horizontalAlignment\": \"center\",\n                                    \"text\": \"Occurence Time :  @{body('Parse_JSON')?['OccurrenceTime']}\\n\\n\\n\\n‌‌ \\n\\n\\n\\n\",\n                                     \"size\": \"small\",\n                                     \"weight\": \"bolder\"\n                                },\n    {\n      \"type\": \"Container\",\n      \"style\": \"attention\",\n      \"items\": [\n        {\n          \"type\": \"ColumnSet\",\n          \"columns\": [\n            {\n              \"type\": \"Column\",\n              \"width\": \"180px\",\n              \"items\": [\n                {\n                  \"type\": \"Image\",\n                  \"url\": \"data:image/png;base64,@{outputs('Compose_Temperature_Image')}\",\n                  \"size\": \"small\",\n                  \"horizontalAlignment\": \"center\",\n                  \"altText\": \"Temperature Image\"\n                },\n                {\n                  \"type\": \"TextBlock\",\n                  \"text\": \"Temperature\",\n                  \"horizontalAlignment\": \"center\",\n                  \"size\" : \"Medium\",\n                  \"weight\": \"bolder\",\n                  \"wrap\": true\n                },\n                 {\n                  \"type\": \"TextBlock\",\n                  \"text\": \"@{body('Parse_JSON')?['Temperature']}\",\n                  \"horizontalAlignment\": \"center\",\n                  \"weight\": \"bolder\",\n                  \"size\" : \"Medium\",\n                  \"color\": \"attention\",\n                  \"wrap\": true\n                }\n              ]\n            },             \n            {\n              \"type\": \"Column\",\n              \"width\": \"180px\",\n              \"separator\": true,\n              \"items\": [\n                {\n                  \"type\": \"Image\",\n                  \"url\": \"data:image/png;base64,@{outputs('Compose_Humidity_Image')}\",\n                  \"size\": \"small\",\n                  \"horizontalAlignment\": \"center\",\n                  \"altText\": \"Humidity Image\"\n                },\n                {\n                  \"type\": \"TextBlock\",\n                  \"text\": \"Humidity\",\n                  \"horizontalAlignment\": \"center\",\n                  \"size\" : \"Medium\",\n                  \"weight\": \"bolder\",\n                  \"wrap\": true\n                },\n                 {\n                  \"type\": \"TextBlock\",\n                  \"text\": \"@{body('Parse_JSON')?['Humidity']}%\",\n                  \"horizontalAlignment\": \"center\",\n                  \"weight\": \"bolder\",\n                  \"size\" : \"Medium\",\n                  \"color\": \"attention\",\n                  \"wrap\": true\n                }\n              ]\n            }\n          ]\n        }\n      ]\n    },\n      {\n                  \"type\": \"TextBlock\",\n                  \"text\": \"\\n\\n\\n\\n‌‌ \\n\\n\\n\\nCall for Resolution !\",\n                  \"horizontalAlignment\": \"center\",\n                  \"weight\": \"bolder\",\n                  \"size\" : \"large\",\n                  \"color\": \"warning\",\n                  \"wrap\": true\n                },\n                 {\n                  \"type\": \"TextBlock\",\n                  \"text\": \"Supervisor in Charge\",                  \n                  \"weight\": \"bolder\",\n                  \"size\" : \"medium\",                  \n                  \"wrap\": true\n                },\n                 {\n      \"type\": \"Input.Text\",\n      \"id\": \"supervisorInputId\",\n      \"placeholder\": \"The supervisor who resolved the issue\",\n      \"maxLength\": 500\n    },\n    {\n                  \"type\": \"TextBlock\",\n                  \"text\": \"Issue Resolution Comments\",                  \n                  \"weight\": \"bolder\",\n                  \"size\" : \"medium\",                  \n                  \"wrap\": true\n                },\n                 {\n      \"type\": \"Input.Text\",\n      \"id\": \"changesInputId\",\n      \"placeholder\": \"Changes made after inspection\",\n      \"isMultiline\": true,\n      \"maxLength\": 500\n    }    \n  ],\n   \"actions\": [\n    {\n      \"type\": \"Action.Submit\",\n      \"title\": \"Mark as Resolved\",\n      \"data\": {\n        \n      }\n    }\n  ]\n}\n",
              "body/body/updateMessage": "Thanks You for the prompt response to this issue !",
              "body/body/recipient/groupId": "591c276e-cc53-4050-947f-5622100f9ed3",
              "body/body/recipient/channelId": "19:dbc1c4d896ec49fabf03281414edac72@thread.skype"
            },
            "authentication": "@parameters('$authentication')"
          }
        },
        "Update_a_row": {
          "runAfter": {
            "Initialize_variable": [
              "Succeeded"
            ]
          },
          "metadata": {
            "operationMetadataId": "0a3bbd1b-0928-47f6-96cf-c980e9c45899"
          },
          "type": "OpenApiConnection",
          "inputs": {
            "host": {
              "connectionName": "shared_commondataserviceforapps",
              "operationId": "UpdateRecord",
              "apiId": "/providers/Microsoft.PowerApps/apis/shared_commondataserviceforapps"
            },
            "parameters": {
              "entityName": "cr976_hvacmaintenances",
              "recordId": "@outputs('Add_a_new_row')?['body/cr976_hvacmaintenanceid']",
              "item/cr976_issueresolutiondate": "@concat(formatDateTime(parseDateTime(split(variables('varCurrentTime'), '.')[0]), '%M', 'en-US'), '/', formatDateTime(parseDateTime(split(variables('varCurrentTime'), '.')[0]), 'dd', 'en-US'), '/', split(variables('varCurrentTime'), '-')[0], ' ', formatDateTime(parseDateTime(split(variables('varCurrentTime'), '.')[0]), '%M', 'en-US'), slice(variables('varCurrentTime'), add(indexOf(variables('varCurrentTime'), ':'), 3), add(nthIndexOf(variables('varCurrentTime'), ':', 2), 2)), formatDateTime(concat(formatDateTime(parseDateTime(split(variables('varCurrentTime'), '.')[0]), 'yyyy', 'en-US'), '-01-01'), '%d', 'en-US'), ' ', formatDateTime(parseDateTime(split(variables('varCurrentTime'), '.')[0]), 'tt', 'en-US'))",
              "item/cr976_resolutioncomments": "@outputs('Post_adaptive_card_and_wait_for_a_response')?['body/data/changesInputId']",
              "item/cr976_resolutionstatus": "Resolved",
              "item/cr976_technician": "@outputs('Post_adaptive_card_and_wait_for_a_response')?['body/data/supervisorInputId']"
            },
            "authentication": "@parameters('$authentication')"
          }
        },
        "Initialize_variable": {
          "runAfter": {
            "Post_adaptive_card_and_wait_for_a_response": [
              "Succeeded"
            ]
          },
          "metadata": {
            "operationMetadataId": "8b20b8b4-17fc-4f3d-ba78-bc6919a5f6f2"
          },
          "type": "InitializeVariable",
          "inputs": {
            "variables": [
              {
                "name": "varCurrentTime",
                "type": "string",
                "value": "@{utcNow()}"
              }
            ]
          }
        },
        "Parse_JSON": {
          "runAfter": {},
          "metadata": {
            "operationMetadataId": "7049b8ae-cd89-44c6-af4f-c5653adf12d8"
          },
          "type": "ParseJson",
          "inputs": {
            "content": "@triggerBody()",
            "schema": {
              "type": "object",
              "properties": {
                "DeviceName": {
                  "type": "string"
                },
                "Temperature": {
                  "type": "string"
                },
                "Humidity": {
                  "type": "string"
                },
                "OccurrenceTime": {
                  "type": "string"
                }
              }
            }
          }
        }
      },
      "outputs": {}
    },
    "templateName": "078e968e25814389b7818d07da8ef789"
  },
  "schemaVersion": "1.0.0.0"
}