{"swagger":"2.0","info":{"title":"OpenAI API","description":"API for converting speech to text and translating audio using OpenAI Whisper ASR and other models","version":"1.0"},"host":"api.openai.com","basePath":"/","schemes":["https"],"consumes":["multipart/form-data"],"produces":["application/json"],"paths":{"/v1/audio/transcriptions":{"post":{"summary":"Audio to Text Transcription","description":"Transcribe Speech to Text","operationId":"TextTranscription","parameters":[{"name":"file","in":"formData","description":"Audio file to be transcribed","type":"file","required":true},{"name":"model","in":"formData","description":"Model to be used for transcription(Eg:whisper-1)","type":"string","required":true},{"name":"prompt","in":"formData","description":"Text prompt to guide the transcription","type":"string","required":false},{"name":"temperature","in":"formData","description":"Controls randomness in the transcription output","type":"number","format":"float","required":false}],"responses":{"200":{"description":"Transcription Result","schema":{"type":"object","properties":{"text":{"type":"string","description":"Transcribed text from the audio"}}}},"400":{"description":"Bad Request"},"401":{"description":"Unauthorized"},"403":{"description":"Forbidden"},"500":{"description":"Internal Server Error"}}}},"/v1/audio/translations":{"post":{"summary":"Audio to English Text Translation","description":"Translate an Audio File","operationId":"AudioTranslation","parameters":[{"name":"file","in":"formData","description":"Audio file to be translated","type":"file","required":true},{"name":"model","in":"formData","description":"Model to be used for translation","type":"string","required":true,"default":"your-default-model"},{"name":"prompt","in":"formData","description":"Text prompt to guide the translation","type":"string","required":false},{"name":"temperature","in":"formData","description":"Controls randomness in the translation output","type":"number","format":"float","required":false}],"responses":{"200":{"description":"Translation Result","schema":{"type":"object","properties":{"text":{"type":"string","description":"Translated text from the audio"}}}},"400":{"description":"Bad Request"},"401":{"description":"Unauthorized"},"403":{"description":"Forbidden"},"500":{"description":"Internal Server Error"}}}}},"securityDefinitions":{"API Key":{"type":"apiKey","in":"header","name":"Authorization"}},"security":[{"API Key":[]}]}