<ImportExportXml version="9.2.23103.264" SolutionPackageVersion="9.2" languagecode="1033" generatedBy="CrmLive" xmlns:xsi="http://www.w3.org/2001/XMLSchema-instance">
  <SolutionManifest>
    <UniqueName>Apothecary</UniqueName>
    <LocalizedNames>
      <LocalizedName description="Apothecary" languagecode="1033" />
    </LocalizedNames>
    <Descriptions />
    <Version>1.0.0.3</Version>
    <Managed>0</Managed>
    <Publisher>
      <UniqueName>DotNetHack</UniqueName>
      <LocalizedNames>
        <LocalizedName description="DotNetHack" languagecode="1033" />
      </LocalizedNames>
      <Descriptions />
      <EMailAddress xsi:nil="true"></EMailAddress>
      <SupportingWebsiteUrl xsi:nil="true"></SupportingWebsiteUrl>
      <CustomizationPrefix>dh</CustomizationPrefix>
      <CustomizationOptionValuePrefix>12180</CustomizationOptionValuePrefix>
      <Addresses>
        <Address>
          <AddressNumber>1</AddressNumber>
          <AddressTypeCode>1</AddressTypeCode>
          <City xsi:nil="true"></City>
          <County xsi:nil="true"></County>
          <Country xsi:nil="true"></Country>
          <Fax xsi:nil="true"></Fax>
          <FreightTermsCode xsi:nil="true"></FreightTermsCode>
          <ImportSequenceNumber xsi:nil="true"></ImportSequenceNumber>
          <Latitude xsi:nil="true"></Latitude>
          <Line1 xsi:nil="true"></Line1>
          <Line2 xsi:nil="true"></Line2>
          <Line3 xsi:nil="true"></Line3>
          <Longitude xsi:nil="true"></Longitude>
          <Name xsi:nil="true"></Name>
          <PostalCode xsi:nil="true"></PostalCode>
          <PostOfficeBox xsi:nil="true"></PostOfficeBox>
          <PrimaryContactName xsi:nil="true"></PrimaryContactName>
          <ShippingMethodCode>1</ShippingMethodCode>
          <StateOrProvince xsi:nil="true"></StateOrProvince>
          <Telephone1 xsi:nil="true"></Telephone1>
          <Telephone2 xsi:nil="true"></Telephone2>
          <Telephone3 xsi:nil="true"></Telephone3>
          <TimeZoneRuleVersionNumber xsi:nil="true"></TimeZoneRuleVersionNumber>
          <UPSZone xsi:nil="true"></UPSZone>
          <UTCOffset xsi:nil="true"></UTCOffset>
          <UTCConversionTimeZoneCode xsi:nil="true"></UTCConversionTimeZoneCode>
        </Address>
        <Address>
          <AddressNumber>2</AddressNumber>
          <AddressTypeCode>1</AddressTypeCode>
          <City xsi:nil="true"></City>
          <County xsi:nil="true"></County>
          <Country xsi:nil="true"></Country>
          <Fax xsi:nil="true"></Fax>
          <FreightTermsCode xsi:nil="true"></FreightTermsCode>
          <ImportSequenceNumber xsi:nil="true"></ImportSequenceNumber>
          <Latitude xsi:nil="true"></Latitude>
          <Line1 xsi:nil="true"></Line1>
          <Line2 xsi:nil="true"></Line2>
          <Line3 xsi:nil="true"></Line3>
          <Longitude xsi:nil="true"></Longitude>
          <Name xsi:nil="true"></Name>
          <PostalCode xsi:nil="true"></PostalCode>
          <PostOfficeBox xsi:nil="true"></PostOfficeBox>
          <PrimaryContactName xsi:nil="true"></PrimaryContactName>
          <ShippingMethodCode>1</ShippingMethodCode>
          <StateOrProvince xsi:nil="true"></StateOrProvince>
          <Telephone1 xsi:nil="true"></Telephone1>
          <Telephone2 xsi:nil="true"></Telephone2>
          <Telephone3 xsi:nil="true"></Telephone3>
          <TimeZoneRuleVersionNumber xsi:nil="true"></TimeZoneRuleVersionNumber>
          <UPSZone xsi:nil="true"></UPSZone>
          <UTCOffset xsi:nil="true"></UTCOffset>
          <UTCConversionTimeZoneCode xsi:nil="true"></UTCConversionTimeZoneCode>
        </Address>
      </Addresses>
    </Publisher>
    <RootComponents>
      <RootComponent type="1" schemaName="cr976_hvaciotdata" behavior="0" />
      <RootComponent type="1" schemaName="cr976_hvacmaintenance" behavior="0" />
      <RootComponent type="1" schemaName="gh_customerfeedback" behavior="0" />
      <RootComponent type="1" schemaName="gh_dispatchplan" behavior="0" />
      <RootComponent type="1" schemaName="gh_dispatchschedule" behavior="0" />
      <RootComponent type="1" schemaName="gh_gh_customerdetail" behavior="0" />
      <RootComponent type="1" schemaName="gh_gh_productdetail" behavior="0" />
      <RootComponent type="1" schemaName="gh_payment" behavior="0" />
      <RootComponent type="1" schemaName="gh_procurementrequest" behavior="0" />
      <RootComponent type="1" schemaName="gh_productbasematerial" behavior="0" />
      <RootComponent type="1" schemaName="gh_productbatchdetail" behavior="0" />
      <RootComponent type="1" schemaName="gh_purchaseorder" behavior="0" />
      <RootComponent type="1" schemaName="gh_purchaseorderdetails" behavior="0" />
      <RootComponent type="1" schemaName="gh_rawmaterial" behavior="0" />
      <RootComponent type="1" schemaName="gh_shipmentdetail" behavior="0" />
      <RootComponent type="1" schemaName="gh_ticketdetail" behavior="0" />
      <RootComponent type="1" schemaName="gh_vendordetail" behavior="0" />
      <RootComponent type="1" schemaName="gh_warehouseinventory" behavior="0" />
      <RootComponent type="29" id="{0f5627e6-798a-ee11-8179-000d3a1f576d}" behavior="0" />
      <RootComponent type="29" id="{13531c0e-1f8c-ee11-8179-000d3a1f576d}" behavior="0" />
      <RootComponent type="29" id="{355bb5a9-e289-ee11-8179-000d3a1f576d}" behavior="0" />
      <RootComponent type="29" id="{3b3d8e69-038c-ee11-8179-000d3a1f576d}" behavior="0" />
      <RootComponent type="29" id="{4a013326-2188-ee11-8179-000d3a1f576d}" behavior="0" />
      <RootComponent type="29" id="{64aa980d-0e88-ee11-8179-000d3a1f576d}" behavior="0" />
      <RootComponent type="29" id="{6fb502c0-528b-ee11-8179-000d3a1f576d}" behavior="0" />
      <RootComponent type="29" id="{7e550884-1a8a-ee11-8179-000d3a1f576d}" behavior="0" />
      <RootComponent type="29" id="{97c4012b-338a-ee11-8179-000d3a1f576d}" behavior="0" />
      <RootComponent type="29" id="{b426dd57-5b88-ee11-8179-000d3a1f576d}" behavior="0" />
      <RootComponent type="29" id="{c0410ddd-228c-ee11-8179-000d3a1f576d}" behavior="0" />
      <RootComponent type="29" id="{cf28bfd8-198a-ee11-8179-000d3a1f576d}" behavior="0" />
      <RootComponent type="29" id="{d861e81a-8687-ee11-8179-000d3a1f576d}" behavior="0" />
      <RootComponent type="29" id="{d8af53d5-a28b-ee11-8179-000d3a1f576d}" behavior="0" />
      <RootComponent type="29" id="{d926c849-c786-ee11-8179-000d3a1f576d}" behavior="0" />
      <RootComponent type="29" id="{f1ca4fc8-c586-ee11-8179-000d3a1f576d}" behavior="0" />
      <RootComponent type="29" id="{f38fea46-3688-ee11-8179-000d3a1f576d}" behavior="0" />
      <RootComponent type="372" id="{0acbf8f9-1d0a-4a3d-a9fb-1bcfb67f66c3}" schemaName="dh_google-20palm" behavior="0" />
      <RootComponent type="372" id="{a6bbb333-54cd-42ee-9648-0f4edb34096a}" schemaName="dh_testwhi" behavior="0" />
      <RootComponent type="401" id="{d3f1f037-8119-4ded-907c-0a9774d77e91}" behavior="0" />
    </RootComponents>
    <MissingDependencies />
  </SolutionManifest>
</ImportExportXml>